Country Name,Country Code,Indicator Name,Indicator Code,1960,1961,1962,1963,1964,1965,1966,1967,1968,1969,1970,1971,1972,1973,1974,1975,1976,1977,1978,1979,1980,1981,1982,1983,1984,1985,1986,1987,1988,1989,1990,1991,1992,1993,1994,1995,1996,1997,1998,1999,2000,2001,2002,2003,2004,2005,2006,2007,2008,2009,2010,2011,2012,2013,2014,2015,2016,2017,2018,2019,2020,2021,2022,2023,2024,2025,Unnamed: 70,Region,IncomeGroup,SpecialNotes,TableName,Unnamed: 5,Improvement,Population_2023,People_Without_Electricity
Angola,AGO,Access to electricity (% of population),EG.ELC.ACCS.ZS,,,,,,,,,,,,,,,,,,,,,,,,,,,,,,,,,,,,,,,,,24.2,20.0,26.3,27.4,28.4,29.4,30.5,37.5,38.5,33.8,35.0,34.6,37.3,38.4,32.0,42.0,41.8,42.9,45.3,45.6,47.0,48.2,48.5,51.1,,,,Sub-Saharan Africa,Lower middle income,"The World Bank systematically assesses the appropriateness of official exchange rates as conversion factors. In this country, multiple or dual exchange rate activity exists and must be accounted for appropriately in underlying statistics. An alternative estimate (“alternative conversion factor” - PA.NUS.ATLS) is thus calculated as a weighted average of the different exchange rates in use in the country. Doing so better reflects economic reality and leads to more accurate cross-country comparisons and country classifications by income level. For this country, this applies to the period 1994-2025. Alternative conversion factors are used in the Atlas methodology and elsewhere in World Development Indicators as single-year conversion factors.",Angola,,19.1,36749906.0,17970704.033999998
Burundi,BDI,Access to electricity (% of population),EG.ELC.ACCS.ZS,,,,,,,,,,,,,,,,,,,,,,,,,,,,,,,,,,,,,,,3.9,2.07094931602478,2.5,2.8,3.1,3.4,3.7,3.2,2.7,4.7,4.8,5.4,5.3,6.2,6.5,6.9,7.0,7.9,8.5,9.3,9.5,9.8,9.1,10.2,10.3,11.6,,,,Sub-Saharan Africa,Low income,"The World Bank systematically assesses the appropriateness of official exchange rates as conversion factors. In this country, multiple or dual exchange rate activity exists and must be accounted for appropriately in underlying statistics. An alternative estimate (“alternative conversion factor” - PA.NUS.ATLS) is thus calculated as a weighted average of the different exchange rates in use in the country. Doing so better reflects economic reality and leads to more accurate cross-country comparisons and country classifications by income level. For this country, this applies to the period 1983-2025. Alternative conversion factors are used in the Atlas methodology and elsewhere in World Development Indicators as single-year conversion factors.",Burundi,,4.6,13689450.0,12101473.8
Benin,BEN,Access to electricity (% of population),EG.ELC.ACCS.ZS,,,,,,,,,,,,,,,,,,,,,,,,,,,,,,,,,,,,,14.5,18.5896263122559,19.578254699707,20.5620422363281,21.5,21.9,23.4,24.3,25.2,26.1,27.9,28.0,29.0,30.0,34.2,36.9,38.4,34.7,34.1,29.6,37.0,34.5,39.0,40.0,41.0,42.0,56.5,57.0,,,,Sub-Saharan Africa,Lower middle income,,Benin,,22.9,14111034.0,6067744.620000001
Burkina Faso,BFA,Access to electricity (% of population),EG.ELC.ACCS.ZS,,,,,,,,,,,,,,,,,,,,,,,,,,,,,,,,,,6.1,6.12501001358032,6.62533283233643,7.1229362487793,7.61713981628418,8.10726451873779,6.9,9.1,9.5,9.9,11.4,10.7,11.1,11.6,12.0,12.5,12.6,13.1,14.8,15.1,15.4,19.2,16.2,16.6,17.0,14.4,17.6,18.5,19.0,19.5,21.7,,,,Sub-Saharan Africa,Low income,,Burkina Faso,,2.5,23025776.0,18029182.608
Botswana,BWA,Access to electricity (% of population),EG.ELC.ACCS.ZS,,,,,,,,,,,,,,,,,,,,,,,,,,,,,,,,10.1,9.39822673797607,11.6420764923096,13.8845663070679,16.1250171661377,18.3627471923828,20.5970783233643,22.8273296356201,25.0527400970459,26.5,24.8,27.0,33.1,35.3,37.5,39.7,41.9,44.5,43.4,52.0,53.2,56.0,58.0,60.0,62.1,64.2,67.4,68.3,70.1,71.8,73.7,75.9,76.0,,,,Sub-Saharan Africa,Upper middle income,,Botswana,,16.0,2480244.0,595258.5599999999
Central African Republic,CAF,Access to electricity (% of population),EG.ELC.ACCS.ZS,,,,,,,,,,,,,,,,,,,,,,,,,,,,,,,,,,,,3.0,3.33491563796997,3.83021020889282,4.32142543792725,4.80779838562012,6.0,5.7,6.1,6.6,7.0,7.4,7.8,8.4,7.5,9.4,9.8,10.4,11.0,11.5,12.0,12.7,13.4,14.1,14.6,14.3,15.4,15.7,15.7,17.6,,,,Sub-Saharan Africa,Low income,,Central African Republic,,5.600000000000001,5152421.0,4245594.904
Cote d'Ivoire,CIV,Access to electricity (% of population),EG.ELC.ACCS.ZS,,,,,,,,,,,,,,,,,,,,,,,,,,,,,,,,,,,36.5,43.6312522888184,44.6482124328613,45.6617698669434,46.6712455749512,48.2,48.7,49.7,51.4,51.5,52.4,58.9,60.2,55.3,60.3,57.3,58.4,55.8,55.8,61.5,61.9,62.6,64.3,65.6,67.1,68.6,69.9,71.1,72.0,72.4,,,,Sub-Saharan Africa,Lower middle income,,Côte d'Ivoire,,10.500000000000007,31165654.0,8601720.503999997
Cameroon,CMR,Access to electricity (% of population),EG.ELC.ACCS.ZS,,,,,,,,,,,,,,,,,,,,,,,,,,,,,,,,29.0,32.6975250244141,33.849193572998,34.9995040893555,36.1477737426758,37.2933235168457,38.435474395752,40.7,40.7067756652832,41.0,46.2,44.0,45.1,47.1,47.2,49.0,48.2,50.6,51.7,52.8,53.7,55.2,56.3,56.8,58.6,59.8,60.9,62.2,63.2,64.3,65.4,71.0,72.0,,,,Sub-Saharan Africa,Lower middle income,,Cameroon,,15.200000000000003,28372687.0,7944352.36
"Congo, Dem. Rep.",COD,Access to electricity (% of population),EG.ELC.ACCS.ZS,,,,,,,,,,,,,,,,,,,,,,,,,,,,,,,,,,,,,,,,,6.7,7.1,7.7,8.3,9.0,6.0,10.2,15.2,11.6,12.3,13.0,13.7,15.4,15.2,13.5,16.6,17.3,18.0,18.7,19.1,20.1,20.8,21.5,22.1,,,,Sub-Saharan Africa,Low income,"The World Bank systematically assesses the appropriateness of official exchange rates as conversion factors. In this country, multiple or dual exchange rate activity exists and must be accounted for appropriately in underlying statistics. An alternative estimate (“alternative conversion factor” - PA.NUS.ATLS) is thus calculated as a weighted average of the different exchange rates in use in the country. Doing so better reflects economic reality and leads to more accurate cross-country comparisons and country classifications by income level. For this country, this applies to the period 1999-2004. Alternative conversion factors are used in the Atlas methodology and elsewhere in World Development Indicators as single-year conversion factors.","Congo, Dem. Rep.",,8.600000000000001,105789731.0,82410200.449
"Congo, Rep.",COG,Access to electricity (% of population),EG.ELC.ACCS.ZS,,,,,,,,,,,,,,,,,,,,,,,,,,,,,,,,,,,,,,,,,29.4,30.3,31.2,32.1,33.0,33.8,34.9,35.8,36.8,37.1,40.0,40.8,41.6,42.5,43.4,44.3,45.3,46.2,47.0,47.7,48.7,49.7,50.6,51.3,,,,Sub-Saharan Africa,Lower middle income,,"Congo, Rep.",,7.899999999999999,6182885.0,3011064.995
Comoros,COM,Access to electricity (% of population),EG.ELC.ACCS.ZS,,,,,,,,,,,,,,,,,,,,,,,,,,,,,,,,,,,,,28.9,32.7624130249023,35.0945281982422,37.421802520752,39.8,42.0,44.8,46.5,48.7,51.0,53.2,55.5,57.8,60.1,69.7,69.3,69.3,69.4,71.8,74.1,76.4,78.7,81.0,83.3,85.6,87.9,89.9,89.8,,,,Sub-Saharan Africa,Lower middle income,,Comoros,,18.0,850387.0,86739.47399999999
Cabo Verde,CPV,Access to electricity (% of population),EG.ELC.ACCS.ZS,,,,,,,,,,,,,,,,,,,,,,,,,,,,,,,,,,,,,,,,,58.6,60.3,58.6,63.7,65.4,67.0,68.8,70.5,72.3,74.1,81.1,82.3,83.2,84.3,85.3,86.4,87.5,88.6,90.2,91.4,93.7,95.5,97.1,98.6,,,,Sub-Saharan Africa,Upper middle income,,Cabo Verde,,13.299999999999997,522331.0,7312.634000000006
Eritrea,ERI,Access to electricity (% of population),EG.ELC.ACCS.ZS,,,,,,,,,,,,,,,,,,,,,,,,,,,,,,,,,,,,22.9,24.7554473876953,25.8746109008789,26.9896945953369,28.0999355316162,29.3,30.3,32.2,32.4,33.4,34.5,35.6,36.7,37.8,38.9,40.1,41.2,42.3,43.5,44.6,45.8,46.9,48.0,49.1,50.3,51.4,52.5,53.4,54.4,,,,Sub-Saharan Africa,Low income,"The World Bank systematically assesses the appropriateness of official exchange rates as conversion factors. In this country, multiple or dual exchange rate activity exists and must be accounted for appropriately in underlying statistics. An alternative estimate (“alternative conversion factor” - PA.NUS.ATLS) is thus calculated as a weighted average of the different exchange rates in use in the country. Doing so better reflects economic reality and leads to more accurate cross-country comparisons and country classifications by income level. For this country, this applies to the period 1992-1997. Alternative conversion factors are used in the Atlas methodology and elsewhere in World Development Indicators as single-year conversion factors.",Eritrea,,9.799999999999997,3470390.0,1582497.8399999999
Ethiopia,ETH,Access to electricity (% of population),EG.ELC.ACCS.ZS,,,,,,,,,,,,,,,,,,,,,,,,,,,,,,,,,,,,,,,,,12.7,10.2,11.9,13.5,15.2,14.0,18.6,20.3,22.0,23.7,25.5,23.0,29.0,30.8,27.2,29.0,42.9,44.3,44.8,48.0,51.1,54.2,55.4,55.4,,,,Sub-Saharan Africa,Low income,"The reporting period for national accounts data is designated as either calendar year basis (CY) or fiscal year basis (FY). For this country, it is fiscal year-based (fiscal year-end: July 7). Also, an estimate (PA.NUS.ATLS) of the exchange rate covers the same period and thus differs from the official exchange rate (CY). The World Bank systematically assesses the appropriateness of official exchange rates as conversion factors. In this country, multiple or dual exchange rate activity exists and must be accounted for appropriately in underlying statistics. An alternative estimate (“alternative conversion factor” - PA.NUS.ATLS) is thus calculated by using an inflation-adjustment method. Doing so better reflects economic reality and leads to more accurate cross-country comparisons and country classifications by income level. For this country, this applies to the period 2015-2024. Alternative conversion factors are used in the Atlas methodology and elsewhere in World Development Indicators as single-year conversion factors.",Ethiopia,,28.2,128691692.0,57396494.63200001
Gabon,GAB,Access to electricity (% of population),EG.ELC.ACCS.ZS,,,,,,,,,,,,,,,,,,,,,,,,,,,,,,,,,,,,,,,,,73.6,77.2,77.8,78.5,79.2,81.6,80.5,81.3,82.0,82.7,89.3,88.7,89.3,86.4,87.1,87.3,88.1,86.3,89.6,90.3,91.1,91.8,93.5,94.1,,,,Sub-Saharan Africa,Upper middle income,,Gabon,,7.0,2484789.0,146602.55100000012
Ghana,GHA,Access to electricity (% of population),EG.ELC.ACCS.ZS,,,,,,,,,,,,,,,,,,,,,,,,,,,,,,,,,,30.6,30.36940574646,32.4504508972168,34.5287704467773,36.6036949157715,42.6,40.7405395507813,43.7,44.8,46.8,48.3,50.8,41.3,55.1,56.9,60.5,61.1,64.2,64.1,56.5,70.7,78.3,74.0,79.3,79.0,80.4,83.5,85.4,86.3,85.1,89.5,,,,Sub-Saharan Africa,Lower middle income,"The World Bank systematically assesses the appropriateness of official exchange rates as conversion factors. In this country, multiple or dual exchange rate activity exists and must be accounted for appropriately in underlying statistics. An alternative estimate (“alternative conversion factor” - PA.NUS.ATLS) is thus calculated as a weighted average of the different exchange rates in use in the country. Doing so better reflects economic reality and leads to more accurate cross-country comparisons and country classifications by income level. For this country, this applies to the period 1974-1987. Alternative conversion factors are used in the Atlas methodology and elsewhere in World Development Indicators as single-year conversion factors.",Ghana,,11.200000000000003,33787914.0,3547730.9699999993
Guinea,GIN,Access to electricity (% of population),EG.ELC.ACCS.ZS,,,,,,,,,,,,,,,,,,,,,,,,,,,,,,,,,,,,,,,,16.4,15.2,16.4,17.7,18.9,20.2,20.2,22.8,24.1,25.4,26.7,28.1,29.5,26.2,32.2,33.5,34.9,33.5,35.4,45.0,42.2,44.7,46.8,47.7,51.1,,,,Sub-Saharan Africa,Lower middle income,,Guinea,,17.6,14405468.0,7044273.852
"Gambia, The",GMB,Access to electricity (% of population),EG.ELC.ACCS.ZS,,,,,,,,,,,,,,,,,,,,,,,,,,,,,,,,,,17.7,18.2500495910645,19.921443939209,21.5901184082031,23.255392074585,24.9165878295898,26.572940826416,34.3,29.9,31.5,27.8,34.8,30.5,38.1,39.8,41.5,43.2,46.8,48.3,49.9,51.5,53.0,54.7,56.4,56.2,60.3,62.1,62.2,63.7,65.4,66.9,,,,Sub-Saharan Africa,Low income,,"Gambia, The",,13.900000000000006,2697845.0,892986.695
Guinea-Bissau,GNB,Access to electricity (% of population),EG.ELC.ACCS.ZS,,,,,,,,,,,,,,,,,,,,,,,,,,,,,,,,,,,,,,,,,,,1.3,2.6,3.9,5.2,14.5,7.9,9.3,4.7,6.0,13.5,14.9,16.3,17.2,20.1,22.9,26.0,28.4,30.9,33.4,35.8,37.4,40.5,,,,Sub-Saharan Africa,Low income,,Guinea-Bissau,,23.3,2153339.0,1281236.7049999998
Equatorial Guinea,GNQ,Access to electricity (% of population),EG.ELC.ACCS.ZS,,,,,,,,,,,,,,,,,,,,,,,,,,,,,,,,,,,,,,,,,64.8,64.9,64.9,64.9,64.9,65.0,65.1,65.1,65.2,65.4,66.1,66.1,65.7,65.9,66.0,66.1,66.2,66.4,66.5,66.6,66.7,66.8,67.0,66.9,,,,Sub-Saharan Africa,Upper middle income,,Equatorial Guinea,,0.9000000000000057,1847549.0,611538.7189999999
Kenya,KEN,Access to electricity (% of population),EG.ELC.ACCS.ZS,,,,,,,,,,,,,,,,,,,,,,,,,,,,,,,,,,10.9,3.47343683242798,5.42734336853027,7.37853050231934,9.32631778717041,14.5,13.2088918685913,15.2,17.0,18.9,16.0,22.6,24.5,26.4,28.3,30.3,23.0,19.2,36.2,38.1,40.1,36.0,41.6,53.1,55.8,61.2,69.7,71.5,76.5,76.0,76.2,,,,Sub-Saharan Africa,Lower middle income,Fiscal year end: June 30; reporting period for national accounts data: CY.,Kenya,,40.2,55339003.0,13170682.714
Liberia,LBR,Access to electricity (% of population),EG.ELC.ACCS.ZS,,,,,,,,,,,,,,,,,,,,,,,,,,,,,,,,,,,,,,,,,,,,,,,,3.0,1.3,1.9,5.3,4.1,9.3,9.8,9.4,15.2,17.7,24.2,22.8,23.1,27.6,29.8,31.8,32.5,,,,Sub-Saharan Africa,Low income,National accounts data are provided in the US dollar.,Liberia,,23.1,5493031.0,3707795.9250000003
Lesotho,LSO,Access to electricity (% of population),EG.ELC.ACCS.ZS,,,,,,,,,,,,,,,,,,,,,,,,,,,,,,,,,,,,,,,,,4.3,1.3,3.4,5.4,6.8,9.6,9.7,13.9,16.0,17.0,17.0,22.5,20.6,26.9,27.8,31.8,35.1,33.7,47.0,44.6,47.5,50.4,50.0,57.3,,,,Sub-Saharan Africa,Lower middle income,Fiscal year end: March 31; reporting period for national accounts data: CY.,Lesotho,,29.499999999999996,2311472.0,986998.5440000001
Madagascar,MDG,Access to electricity (% of population),EG.ELC.ACCS.ZS,,,,,,,,,,,,,,,,,,,,,,,,,,,,,,,,,9.2,10.1056232452393,10.5616483688354,11.0156345367432,11.4669008255005,10.9,12.3585548400879,12.7975006103516,12.6,14.8,14.0,20.3,15.3,16.0,16.8,17.5,18.3,17.4,12.3,14.3,18.7,12.9,23.0,23.8,22.9,24.1,36.5,31.0,32.0,35.1,36.1,39.4,,,,Sub-Saharan Africa,Low income,,Madagascar,,16.4,31195932.0,18904734.792000003
Mali,MLI,Access to electricity (% of population),EG.ELC.ACCS.ZS,,,,,,,,,,,,,,,,,,,,,,,,,,,,,,,,,,,,,6.2,4.28854084014893,6.06686353683472,7.84034395217896,9.6,10.8,13.0,14.7,16.4,18.2,16.6,21.7,23.4,24.0,27.0,28.8,25.6,32.4,34.2,37.6,38.8,34.8,50.9,47.9,50.6,53.4,53.0,54.5,,,,Sub-Saharan Africa,Low income,,Mali,,20.299999999999997,23769127.0,10814952.784999998
Mozambique,MOZ,Access to electricity (% of population),EG.ELC.ACCS.ZS,,,,,,,,,,,,,,,,,,,,,,,,,,,,,,,,,,,,,,6.6,3.66317558288574,4.87912368774414,6.1,5.7,8.4,8.1,10.7,11.8,13.0,12.4,13.6,15.0,18.9,20.2,21.2,22.4,24.8,24.0,26.2,24.3,31.1,29.7,30.6,31.5,33.2,36.0,,,,Sub-Saharan Africa,Low income,,Mozambique,,11.2,33635160.0,21526502.400000002
Mauritania,MRT,Access to electricity (% of population),EG.ELC.ACCS.ZS,,,,,,,,,,,,,,,,,,,,,,,,,,,,,,,,,,,,,,,,,19.1,22.2,21.7,23.0,24.3,18.2,27.0,33.0,30.0,31.1,34.2,35.3,36.4,37.6,38.8,39.5,41.2,42.9,43.6,44.9,45.4,47.7,49.0,50.3,,,,Sub-Saharan Africa,Lower middle income,National account data were adjusted to reflect the new banknote (1 new ouguiya = 10 old ouguiya),Mauritania,,11.5,5022441.0,2496153.177
Mauritius,MUS,Access to electricity (% of population),EG.ELC.ACCS.ZS,,,,,,,,,,,,,,,,,,,,,,,,,,,,,,,99.0415649414063,99.0706787109375,99.0996780395508,99.1280059814453,99.1549682617188,99.1798858642578,99.2020950317383,99.2208938598633,99.2356185913086,99.2455062866211,99.0,99.2,99.4,99.1,99.0,99.0,99.0,99.0,99.0,99.0,99.4,99.6,99.4,99.4,99.5,99.6,99.7,99.6,99.8,100.0,99.5,99.6,100.0,100.0,,,,Sub-Saharan Africa,Upper middle income,,Mauritius,,0.5,1248647.0,0.0
Malawi,MWI,Access to electricity (% of population),EG.ELC.ACCS.ZS,,,,,,,,,,,,,,,,,,,,,,,,,,,,,,,,,3.2,1.55355584621429,2.01366138458252,2.47172713279724,2.92707347869873,3.37902021408081,3.82688760757446,4.26991271972656,4.8,5.2,5.6,6.2,6.9,6.6,3.7,7.4,7.8,8.3,8.7,7.6,7.4,9.0,11.9,10.8,11.0,12.7,18.0,11.2,11.5,14.2,14.0,15.6,,,,Sub-Saharan Africa,Low income,,Malawi,,3.6999999999999993,21104482.0,17812182.808
Namibia,NAM,Access to electricity (% of population),EG.ELC.ACCS.ZS,,,,,,,,,,,,,,,,,,,,,,,,,,,,,,,,,26.4,27.0,28.9325885772705,29.9521484375,30.9689884185791,31.9824295043945,32.9917907714844,33.9963111877441,36.5,36.0,36.9,37.8,38.7,39.6,40.5,43.7,42.4,44.1,44.4,42.3,46.4,47.4,48.4,51.6,49.7,52.5,52.3,53.3,52.3,55.2,56.2,56.7,,,,Sub-Saharan Africa,Lower middle income,Fiscal year end: March 31; reporting period for national accounts data: CY.,Namibia,,8.300000000000004,2963095.0,1283020.1349999998
Niger,NER,Access to electricity (% of population),EG.ELC.ACCS.ZS,,,,,,,,,,,,,,,,,,,,,,,,,,,,,,,,,4.4,4.01213979721069,4.57177639007568,6.2,7.0,6.23572778701782,6.7,7.32568216323853,6.5,8.4,8.8,9.3,9.7,7.1,9.3,11.2,11.8,12.3,13.6,14.3,14.4,15.2,15.7,16.6,17.0,17.6,17.6,18.5,18.7,18.6,19.5,20.1,,,,Sub-Saharan Africa,Low income,,Niger,,4.400000000000002,26159867.0,20901733.733
Nigeria,NGA,Access to electricity (% of population),EG.ELC.ACCS.ZS,,,,,,,,,,,,,,,,,,,,,,,,,,,,,,,27.3,35.2346000671387,36.0994606018066,36.9636459350586,37.8264694213867,38.6872520446777,39.5453186035156,40.3999824523926,41.2505683898926,44.9,43.2,43.9,44.6,52.2,46.1,46.8,47.6,50.1,50.3,50.0,48.0,55.9,53.0,55.6,54.2,52.5,59.3,54.4,56.5,55.4,55.4,59.5,60.5,61.2,,,,Sub-Saharan Africa,Lower middle income,"The World Bank systematically assesses the appropriateness of official exchange rates as conversion factors. In this country, multiple or dual exchange rate activity exists and must be accounted for appropriately in underlying statistics. An alternative estimate (“alternative conversion factor” - PA.NUS.ATLS) is thus calculated as a weighted average of the different exchange rates in use in the country. Doing so better reflects economic reality and leads to more accurate cross-country comparisons and country classifications by income level. For this country, this applies to 1970-2020. Alternative conversion factors are used in the Atlas methodology and elsewhere in World Development Indicators as single-year conversion factors.",Nigeria,,7.0,227882945.0,88418582.66
Rwanda,RWA,Access to electricity (% of population),EG.ELC.ACCS.ZS,,,,,,,,,,,,,,,,,,,,,,,,,,,,,,,,,2.3,,,,,1.02783596515656,2.17412757873535,3.31557703018188,6.2,4.7,6.0,7.4,8.7,4.8,11.4,12.8,6.0,15.6,9.7,10.8,17.5,15.2,19.8,22.8,29.4,34.1,38.0,46.6,45.2,48.7,50.6,63.9,,,,Sub-Saharan Africa,Low income,,Rwanda,,44.099999999999994,13954471.0,5037564.0309999995
Sudan,SDN,Access to electricity (% of population),EG.ELC.ACCS.ZS,,,,,,,,,,,,,,,,,,,,,,,,,,,,,,,32.8,26.9192943572998,27.4086132049561,27.897253036499,28.3845348358154,28.8697834014893,29.35231590271,29.8314571380615,30.3065280914307,30.7767562866211,23.0,29.4,29.7,29.9,30.2,30.5,30.8,31.1,20.0,29.0,36.0,38.3,40.7,43.1,44.9,48.0,50.5,53.0,55.3,57.6,59.7,61.8,63.2,66.0,,,,Sub-Saharan Africa,Low income,"The World Bank systematically assesses the appropriateness of official exchange rates as conversion factors. In this country, multiple or dual exchange rate activity exists and must be accounted for appropriately in underlying statistics. An alternative estimate (“alternative conversion factor” - PA.NUS.ATLS) is thus calculated as a weighted average of the different exchange rates in use in the country. Doing so better reflects economic reality and leads to more accurate cross-country comparisons and country classifications by income level. For this country, this applies to the period 2018-2020. Alternative conversion factors are used in the Atlas methodology and elsewhere in World Development Indicators as single-year conversion factors.",Sudan,,21.1,50042791.0,17014548.939999998
Senegal,SEN,Access to electricity (% of population),EG.ELC.ACCS.ZS,,,,,,,,,,,,,,,,,,,,,,,,,,,,,,,,,,26.0,27.190486907959,28.8571910858154,30.5211772918701,32.2,33.8382682800293,36.2,37.7,38.9,36.8,41.9,36.8,47.1,49.9,48.1,49.7,53.5,56.5,56.5,56.5,57.0,61.0,60.5,64.5,61.7,66.0,70.4,64.3,68.0,67.9,74.2,,,,Sub-Saharan Africa,Lower middle income,,Senegal,,13.200000000000003,18077573.0,4664013.834
Sierra Leone,SLE,Access to electricity (% of population),EG.ELC.ACCS.ZS,,,,,,,,,,,,,,,,,,,,,,,,,,,,,,,,,,,,,,,,,7.7,8.5,9.2,9.9,16.8,11.3,12.2,13.0,12.1,14.6,11.5,14.2,17.2,13.5,18.8,19.7,20.3,23.4,26.1,22.7,26.3,27.5,29.4,35.5,,,,Sub-Saharan Africa,Low income,,Sierra Leone,,16.7,8460512.0,5457030.24
"Somalia, Fed. Rep.",SOM,Access to electricity (% of population),EG.ELC.ACCS.ZS,,,,,,,,,,,,,,,,,,,,,,,,,,,,,,,,,,,,,,,,,2.1,4.7,7.4,9.8,12.4,15.0,15.2,20.2,22.9,25.5,52.3,52.0,51.8,51.5,51.4,51.2,51.1,52.1,50.7,49.2,49.9,49.3,48.9,50.3,,,,Sub-Saharan Africa,Low income,"The World Bank systematically assesses the appropriateness of official exchange rates as conversion factors. In this country, multiple or dual exchange rate activity exists and must be accounted for appropriately in underlying statistics. An alternative estimate (“alternative conversion factor” - PA.NUS.ATLS) is thus calculated as a weighted average of the different exchange rates in use in the country. Doing so better reflects economic reality and leads to more accurate cross-country comparisons and country classifications by income level. For this country, this applies to the period 1977-2017. Alternative conversion factors are used in the Atlas methodology and elsewhere in World Development Indicators as single-year conversion factors.","Somalia, Fed. Rep.",,-1.1000000000000014,18358615.0,9124231.655
South Sudan,SSD,Access to electricity (% of population),EG.ELC.ACCS.ZS,,,,,,,,,,,,,,,,,,,,,,,,,,,,,,,,,,,,,,,,,,,,,,,,0.8,1.3,3.0,1.5,2.8,3.3,3.8,4.3,4.8,5.3,4.2,6.3,6.8,7.3,7.7,8.4,5.4,,,,Sub-Saharan Africa,Low income,"The reporting period for national accounts data is designated as either calendar year basis (CY) or fiscal year basis (FY). For this country, it is fiscal year-based (fiscal year-end: June 30). Also, an estimate (PA.NUS.ATLS) of the exchange rate covers the same period and thus differs from the official exchange rate (CY).",South Sudan,,1.1000000000000005,11483374.0,10863271.804
Sao Tome and Principe,STP,Access to electricity (% of population),EG.ELC.ACCS.ZS,,,,,,,,,,,,,,,,,,,,,,,,,,,,,,,,,,,,,,,,,52.9,51.5,52.5,53.6,54.7,55.8,56.9,58.0,59.1,56.9,61.4,62.6,57.9,65.0,68.6,67.3,69.4,74.3,71.0,75.1,76.8,78.5,78.0,81.3,,,,Sub-Saharan Africa,Lower middle income,National account data were adjusted to reflect the new banknote (1 new Dobra STN = 1000 old Dobra STD),São Tomé and Principe,,12.700000000000003,230871.0,43172.877000000015
Eswatini,SWZ,Access to electricity (% of population),EG.ELC.ACCS.ZS,,,,,,,,,,,,,,,,,,,,,,,,,,,,,,,,,,,,,,,,,20.4,26.9,25.9,28.7,31.4,34.2,35.2,39.8,42.6,38.6,45.6,51.2,54.3,57.5,65.0,64.1,63.4,73.5,74.0,77.0,80.0,82.9,82.3,86.4,,,,Sub-Saharan Africa,Lower middle income,Fiscal year end: March 31; reporting period for national accounts data: CY. Authorities revised national accounts from 1999 to 2015.,Eswatini,,21.400000000000006,1230506.0,167348.81599999988
Seychelles,SYC,Access to electricity (% of population),EG.ELC.ACCS.ZS,,,,,,,,,,,,,,,,,,,,,,,,,,,,,,,,,,,90.0,92.1736526489258,92.552490234375,92.0,93.2992935180664,93.6658096313477,94.1,94.4,96.1,94.9,95.2,95.5,99.0,96.1,96.5,96.8,97.0,98.1,98.3,98.0,100.0,100.0,100.0,100.0,100.0,100.0,100.0,100.0,100.0,100.0,,,,Sub-Saharan Africa,High income,,Seychelles,,0.0,119773.0,0.0
Chad,TCD,Access to electricity (% of population),EG.ELC.ACCS.ZS,,,,,,,,,,,,,,,,,,,,,,,,,,,,,,,,,,,,,,2.3,2.42038726806641,2.80621337890625,3.1,3.4,3.8,4.1,3.5,4.8,5.1,5.5,5.9,6.3,6.4,9.0,7.8,8.1,8.4,7.7,9.2,10.9,10.1,8.4,10.9,11.3,11.7,12.0,,,,Sub-Saharan Africa,Low income,,Chad,,3.5999999999999996,19319064.0,17000776.32
Togo,TGO,Access to electricity (% of population),EG.ELC.ACCS.ZS,,,,,,,,,,,,,,,,,,,,,,,,,,,,,,,,,,,,,,,15.3,16.0729999542236,17.0,19.6,21.3,23.0,24.8,26.5,27.9,30.0,31.8,33.7,30.8,39.7,39.1,41.0,45.7,44.7,46.8,48.0,50.0,52.5,54.1,55.7,57.2,59.2,,,,Sub-Saharan Africa,Lower middle income,,Togo,,13.5,8223850.0,3355330.7999999993
Tanzania,TZA,Access to electricity (% of population),EG.ELC.ACCS.ZS,,,,,,,,,,,,,,,,,,,,,,,,,,,,,,,,,6.8,2.33018779754639,3.30064725875854,4.26906728744507,9.4,6.1970682144165,7.15528964996338,8.0,8.7,9.7,10.7,11.1,11.4,13.8,14.9,15.9,11.5,11.2,14.8,14.2,15.3,16.4,23.5,26.2,32.8,32.1,34.9,37.7,39.9,42.7,45.8,48.3,,,,Sub-Saharan Africa,Lower middle income,,Tanzania,,24.799999999999997,66617606.0,34441302.302
Uganda,UGA,Access to electricity (% of population),EG.ELC.ACCS.ZS,,,,,,,,,,,,,,,,,,,,,,,,,,,,,,,,5.6,,,0.533898532390594,6.8,2.81110429763794,3.94494771957397,5.07471179962158,6.19963407516479,7.4,8.6,7.8,10.5,11.6,8.9,9.0,14.8,15.9,10.0,12.1,14.6,20.5,13.9,20.4,18.5,26.7,32.4,41.9,41.3,42.1,45.2,47.1,51.5,,,,Sub-Saharan Africa,Low income,"The reporting period for national accounts data is designated as either calendar year basis (CY) or fiscal year basis (FY). For this country, it is fiscal year-based (fiscal year-end: June 30). Also, an estimate (PA.NUS.ATLS) of the exchange rate covers the same period and thus differs from the official exchange rate (CY). In addition, the World Bank systematically assesses the appropriateness of official exchange rates as conversion factors. In this country, multiple or dual exchange rate activity exists and must be accounted for appropriately in underlying statistics. An alternative estimate (“alternative conversion factor” - PA.NUS.ATLS) is thus calculated as a weighted average of the different exchange rates in use in the country. Doing so better reflects economic reality and leads to more accurate cross-country comparisons and country classifications by income level. For this country, this applies to 1960-2009. Alternative conversion factors are used in the Atlas methodology and elsewhere in World Development Indicators as single-year conversion factors.",Uganda,,31.1,48656601.0,23598451.485
South Africa,ZAF,Access to electricity (% of population),EG.ELC.ACCS.ZS,,,,,,,,,,,,,,,,,,,,,,,,,,,,,,,,,,,,,57.6,69.4833526611328,64.9,71.331787109375,72.4,70.2,76.7,78.8,80.6,80.8,80.7,82.0,81.9,82.6,82.8,83.6,85.2,85.2,85.9,85.3,83.9,84.4,84.7,85.0,90.0,89.3,86.5,87.7,,,,Sub-Saharan Africa,Upper middle income,Fiscal year end: March 31; reporting period for national accounts data: CY.,South Africa,,1.7999999999999972,63212384.0,7775123.232
Zambia,ZMB,Access to electricity (% of population),EG.ELC.ACCS.ZS,,,,,,,,,,,,,,,,,,,,,,,,,,,,,,,13.9,12.7527027130127,19.2,14.213207244873,14.9417591094971,15.6682720184326,17.3,17.1124591827393,19.0,18.5402450561523,16.7,20.2,17.4,18.5,20.3,23.3,24.1,18.5,25.7,26.6,22.0,28.3,29.2,30.1,27.9,31.1,35.4,40.3,40.2,43.0,44.6,46.7,47.8,51.1,,,,Sub-Saharan Africa,Lower middle income,"National accounts data were rebased to reflect the January 1, 2013, introduction of the new Zambian kwacha at a rate of 1,000 old kwacha = 1 new kwacha.",Zambia,,23.200000000000003,20723965.0,10134018.885
Zimbabwe,ZWE,Access to electricity (% of population),EG.ELC.ACCS.ZS,,,,,,,,,,,,,,,,,,,,,,,,,,,,,,,,,28.2,31.163667678833,28.1,31.948579788208,32.3372955322266,32.7226104736328,33.1038475036621,38.4,33.7,34.2,34.2,35.1,35.6,36.1,37.2,37.2,37.7,43.4,38.9,36.9,44.0,40.6,32.3,33.7,42.5,44.0,45.4,46.7,52.7,49.0,50.1,62.0,,,,Sub-Saharan Africa,Lower middle income,"National Accounts data are reported in Zimbabwe Gold (ZIG). 
The World Bank systematically assesses the appropriateness of official exchange rates as conversion factors. In this country, multiple or dual exchange rate activity exists and must be accounted for appropriately in underlying statistics. An alternative estimate (“alternative conversion factor” - PA.NUS.ATLS) is thus calculated as a weighted average of the different exchange rates in use in the country. Doing so better reflects economic reality and leads to more accurate cross-country comparisons and country classifications by income level. Alternative conversion factors are used in the Atlas methodology and elsewhere in World Development Indicators as single-year conversion factors.",Zimbabwe,,29.700000000000003,16340822.0,6209512.36
